{
    "verbose": true,
    "stream": true,
    "input": {
        "puller_mongodb": {
            "model": "HWPCReport",
            "type": "mongodb",
            "name": "puller_mongodb",
            "uri": "mongodb://mongodb:27017",
            "db": "db_sensor",
            "collection": "prep"
        }
    },
    "output": {
        "pusher_csv": {
            "model": "PowerReport",
            "type": "csv",
            "name": "pusher_csv",
            "directory": "/tmp/csv"
        }
    },
    "cpu-base-freq": 2600,
    "cpu-error-threshold": 2.0,
    "disable-dram-formula": true,
    "sensor-reports-frequency": 1000,
    "cpu-tdp": 125
}