{
    "name": "sensor",
    "verbose": true,
    "frequency": 1000,
    "cgroup_basepath": "/sys/fs/cgroup/perf_event",
    "output": {
        "type": "mongodb",
        "uri": "mongodb://mongodb:27017",
        "database": "db_sensor",
        "collection": "prep"
    },
    "system": {
        "rapl": {
            "events": [
                "RAPL_ENERGY_PKG"
            ],
            "monitoring_type": "MONITOR_ONE_CPU_PER_SOCKET"
        },
        "msr": {
            "events": [
                "TSC",
                "APERF",
                "MPERF"
            ]
        }
    },
    "container": {
        "core": {
            "events": [
                "CPU_CLK_THREAD_UNHALTED:REF_P",
                "CPU_CLK_THREAD_UNHALTED:THREAD_P",
                "LLC_MISSES",
                "INSTRUCTIONS_RETIRED"
            ]
        }
    }
}